fuel_type,cost
Oil,0.0004
LNG,0.00065
LPG,0.0005
MeOH,0.00062
NH3,0.0011
RefPO,0.0007
H2,0.0035
