fuel_type,cost
Oil,0.00045
LNG,0.00075
LPG,0.0006
MeOH,0.00075
NH3,0.0012
RefPO,0.0008
H2,0.005
