fuel_type,cost
Oil,0.00036
LNG,0.00055
LPG,0.00045
MeOH,0.0005
NH3,0.0009
RefPO,0.0006
H2,0.0025
